31-492-1406, Wanda Olenikov,HISTORIA,3.8
39-732-4800, Lanae D'Aulby,CIENCIAS,2.5
96-620-6238, Avie Grunnell,HISTORIA,1.5
83-279-0295, Ruben Blaxley,HISTORIA,3.8
61-563-8259, Barris Girling,MATEMATICAS,6.0
34-085-6792, Remington Klimentyonok,CIENCIAS,5.3
31-492-1406, Wanda Olenikov,MATEMATICAS,4.3
39-732-4800, Lanae D'Aulby,HISTORIA,5.1
96-620-6238, Avie Grunnell,CIENCIAS,3.0
83-279-0295, Ruben Blaxley,HISTORIA,5.7
61-563-8259, Barris Girling,HISTORIA,5.4
34-085-6792, Remington Klimentyonok,LENGUAJE,1.2
31-492-1406, Wanda Olenikov,HISTORIA,1.8
39-732-4800, Lanae D'Aulby,CIENCIAS,6.8
96-620-6238, Avie Grunnell,MATEMATICAS,1.0
83-279-0295, Ruben Blaxley,HISTORIA,3.5
61-563-8259, Barris Girling,LENGUAJE,5.4
34-085-6792, Remington Klimentyonok,HISTORIA,5.9
31-492-1406, Wanda Olenikov,HISTORIA,1.8
39-732-4800, Lanae D'Aulby,MATEMATICAS,5.1
96-620-6238, Avie Grunnell,LENGUAJE,2.0
83-279-0295, Ruben Blaxley,HISTORIA,5.1
61-563-8259, Barris Girling,CIENCIAS,5.7
34-085-6792, Remington Klimentyonok,LENGUAJE,2.8
31-492-1406, Wanda Olenikov,MATEMATICAS,6.0
39-732-4800, Lanae D'Aulby,CIENCIAS,1.9
96-620-6238, Avie Grunnell,LENGUAJE,6.5
83-279-0295, Ruben Blaxley,CIENCIAS,4.5
61-563-8259, Barris Girling,CIENCIAS,6.0
34-085-6792, Remington Klimentyonok,MATEMATICAS,3.6
31-492-1406, Wanda Olenikov,CIENCIAS,4.5
39-732-4800, Lanae D'Aulby,MATEMATICAS,5.8
96-620-6238, Avie Grunnell,CIENCIAS,1.6
83-279-0295, Ruben Blaxley,MATEMATICAS,4.0
61-563-8259, Barris Girling,LENGUAJE,2.0
34-085-6792, Remington Klimentyonok,MATEMATICAS,1.6
31-492-1406, Wanda Olenikov,LENGUAJE,4.0
39-732-4800, Lanae D'Aulby,LENGUAJE,1.9
96-620-6238, Avie Grunnell,MATEMATICAS,4.2
83-279-0295, Ruben Blaxley,CIENCIAS,4.8
61-563-8259, Barris Girling,MATEMATICAS,1.2
34-085-6792, Remington Klimentyonok,HISTORIA,6.3
31-492-1406, Wanda Olenikov,MATEMATICAS,4.6
39-732-4800, Lanae D'Aulby,CIENCIAS,6.8
96-620-6238, Avie Grunnell,MATEMATICAS,6.5
83-279-0295, Ruben Blaxley,HISTORIA,1.1
61-563-8259, Barris Girling,HISTORIA,6.2
34-085-6792, Remington Klimentyonok,LENGUAJE,4.8
31-492-1406, Wanda Olenikov,CIENCIAS,5.9
39-732-4800, Lanae D'Aulby,MATEMATICAS,2.0
96-620-6238, Avie Grunnell,HISTORIA,4.7
83-279-0295, Ruben Blaxley,HISTORIA,6.2
61-563-8259, Barris Girling,MATEMATICAS,2.6
34-085-6792, Remington Klimentyonok,LENGUAJE,1.5
31-492-1406, Wanda Olenikov,MATEMATICAS,3.0
39-732-4800, Lanae D'Aulby,CIENCIAS,6.7
96-620-6238, Avie Grunnell,HISTORIA,2.7
83-279-0295, Ruben Blaxley,MATEMATICAS,3.3
61-563-8259, Barris Girling,LENGUAJE,1.1
34-085-6792, Remington Klimentyonok,HISTORIA,6.6
31-492-1406, Wanda Olenikov,HISTORIA,2.6
39-732-4800, Lanae D'Aulby,HISTORIA,1.7
96-620-6238, Avie Grunnell,MATEMATICAS,1.5
83-279-0295, Ruben Blaxley,LENGUAJE,5.0
61-563-8259, Barris Girling,HISTORIA,4.2
34-085-6792, Remington Klimentyonok,CIENCIAS,1.9
31-492-1406, Wanda Olenikov,MATEMATICAS,3.9
39-732-4800, Lanae D'Aulby,LENGUAJE,5.4
96-620-6238, Avie Grunnell,CIENCIAS,5.4
83-279-0295, Ruben Blaxley,HISTORIA,6.8
61-563-8259, Barris Girling,LENGUAJE,3.2
34-085-6792, Remington Klimentyonok,HISTORIA,3.4
31-492-1406, Wanda Olenikov,CIENCIAS,2.2
39-732-4800, Lanae D'Aulby,HISTORIA,4.3
96-620-6238, Avie Grunnell,LENGUAJE,5.0
83-279-0295, Ruben Blaxley,CIENCIAS,1.2
61-563-8259, Barris Girling,HISTORIA,4.1
34-085-6792, Remington Klimentyonok,LENGUAJE,2.6
31-492-1406, Wanda Olenikov,HISTORIA,6.8
39-732-4800, Lanae D'Aulby,CIENCIAS,7.0
96-620-6238, Avie Grunnell,MATEMATICAS,7.0
83-279-0295, Ruben Blaxley,MATEMATICAS,5.5
61-563-8259, Barris Girling,CIENCIAS,6.0
34-085-6792, Remington Klimentyonok,CIENCIAS,5.6
31-492-1406, Wanda Olenikov,MATEMATICAS,1.7
39-732-4800, Lanae D'Aulby,HISTORIA,2.5
96-620-6238, Avie Grunnell,CIENCIAS,5.3
83-279-0295, Ruben Blaxley,LENGUAJE,1.2
61-563-8259, Barris Girling,CIENCIAS,1.5
34-085-6792, Remington Klimentyonok,HISTORIA,6.8
31-492-1406, Wanda Olenikov,HISTORIA,4.3
39-732-4800, Lanae D'Aulby,HISTORIA,1.6
96-620-6238, Avie Grunnell,MATEMATICAS,5.6
83-279-0295, Ruben Blaxley,HISTORIA,2.7
61-563-8259, Barris Girling,MATEMATICAS,1.8
34-085-6792, Remington Klimentyonok,CIENCIAS,3.8
31-492-1406, Wanda Olenikov,CIENCIAS,6.5
39-732-4800, Lanae D'Aulby,CIENCIAS,6.1
96-620-6238, Avie Grunnell,LENGUAJE,6.5
83-279-0295, Ruben Blaxley,HISTORIA,3.5
61-563-8259, Barris Girling,CIENCIAS,3.9
34-085-6792, Remington Klimentyonok,HISTORIA,1.3
31-492-1406, Wanda Olenikov,CIENCIAS,6.4
39-732-4800, Lanae D'Aulby,LENGUAJE,4.6
96-620-6238, Avie Grunnell,HISTORIA,6.7
83-279-0295, Ruben Blaxley,HISTORIA,6.6
61-563-8259, Barris Girling,CIENCIAS,3.5
34-085-6792, Remington Klimentyonok,LENGUAJE,5.3
31-492-1406, Wanda Olenikov,HISTORIA,2.7
39-732-4800, Lanae D'Aulby,MATEMATICAS,6.2
96-620-6238, Avie Grunnell,MATEMATICAS,1.1
83-279-0295, Ruben Blaxley,MATEMATICAS,2.4
61-563-8259, Barris Girling,HISTORIA,2.5
34-085-6792, Remington Klimentyonok,LENGUAJE,6.9
31-492-1406, Wanda Olenikov,LENGUAJE,1.8
39-732-4800, Lanae D'Aulby,CIENCIAS,2.6
96-620-6238, Avie Grunnell,MATEMATICAS,1.8
83-279-0295, Ruben Blaxley,MATEMATICAS,6.6
61-563-8259, Barris Girling,HISTORIA,3.4
34-085-6792, Remington Klimentyonok,MATEMATICAS,1.0
31-492-1406, Wanda Olenikov,MATEMATICAS,3.3
39-732-4800, Lanae D'Aulby,MATEMATICAS,4.1
96-620-6238, Avie Grunnell,LENGUAJE,3.4
83-279-0295, Ruben Blaxley,HISTORIA,3.5
61-563-8259, Barris Girling,CIENCIAS,6.2
34-085-6792, Remington Klimentyonok,CIENCIAS,4.6
31-492-1406, Wanda Olenikov,LENGUAJE,4.3
39-732-4800, Lanae D'Aulby,HISTORIA,3.6
96-620-6238, Avie Grunnell,LENGUAJE,5.5
83-279-0295, Ruben Blaxley,LENGUAJE,5.1
61-563-8259, Barris Girling,CIENCIAS,4.6
34-085-6792, Remington Klimentyonok,LENGUAJE,6.7
31-492-1406, Wanda Olenikov,MATEMATICAS,6.4
39-732-4800, Lanae D'Aulby,HISTORIA,4.9
96-620-6238, Avie Grunnell,MATEMATICAS,4.0
83-279-0295, Ruben Blaxley,HISTORIA,6.9
61-563-8259, Barris Girling,MATEMATICAS,4.0
34-085-6792, Remington Klimentyonok,CIENCIAS,1.2
31-492-1406, Wanda Olenikov,CIENCIAS,2.0
39-732-4800, Lanae D'Aulby,HISTORIA,1.8
96-620-6238, Avie Grunnell,MATEMATICAS,3.8
83-279-0295, Ruben Blaxley,HISTORIA,2.1
61-563-8259, Barris Girling,MATEMATICAS,5.4
34-085-6792, Remington Klimentyonok,CIENCIAS,2.4
31-492-1406, Wanda Olenikov,MATEMATICAS,6.8
39-732-4800, Lanae D'Aulby,CIENCIAS,5.6
96-620-6238, Avie Grunnell,LENGUAJE,4.7
83-279-0295, Ruben Blaxley,CIENCIAS,4.4
61-563-8259, Barris Girling,HISTORIA,3.1
34-085-6792, Remington Klimentyonok,HISTORIA,3.6
31-492-1406, Wanda Olenikov,MATEMATICAS,1.7
39-732-4800, Lanae D'Aulby,HISTORIA,5.1
96-620-6238, Avie Grunnell,LENGUAJE,6.2
83-279-0295, Ruben Blaxley,LENGUAJE,7.0
61-563-8259, Barris Girling,HISTORIA,6.5
34-085-6792, Remington Klimentyonok,HISTORIA,4.6
31-492-1406, Wanda Olenikov,HISTORIA,5.7
39-732-4800, Lanae D'Aulby,MATEMATICAS,6.2
96-620-6238, Avie Grunnell,CIENCIAS,6.1
83-279-0295, Ruben Blaxley,LENGUAJE,5.5
61-563-8259, Barris Girling,CIENCIAS,3.5
34-085-6792, Remington Klimentyonok,HISTORIA,5.2
31-492-1406, Wanda Olenikov,CIENCIAS,1.9
39-732-4800, Lanae D'Aulby,CIENCIAS,6.9
96-620-6238, Avie Grunnell,HISTORIA,3.7
83-279-0295, Ruben Blaxley,MATEMATICAS,5.1
61-563-8259, Barris Girling,HISTORIA,3.7
34-085-6792, Remington Klimentyonok,HISTORIA,4.0
31-492-1406, Wanda Olenikov,MATEMATICAS,6.3
39-732-4800, Lanae D'Aulby,MATEMATICAS,4.0
96-620-6238, Avie Grunnell,MATEMATICAS,6.0
83-279-0295, Ruben Blaxley,HISTORIA,2.3
61-563-8259, Barris Girling,MATEMATICAS,1.2
34-085-6792, Remington Klimentyonok,CIENCIAS,2.0
31-492-1406, Wanda Olenikov,MATEMATICAS,4.3
39-732-4800, Lanae D'Aulby,LENGUAJE,1.4
96-620-6238, Avie Grunnell,HISTORIA,2.0
83-279-0295, Ruben Blaxley,CIENCIAS,6.5
61-563-8259, Barris Girling,CIENCIAS,2.6
34-085-6792, Remington Klimentyonok,CIENCIAS,3.9
31-492-1406, Wanda Olenikov,MATEMATICAS,4.9
39-732-4800, Lanae D'Aulby,LENGUAJE,3.0
96-620-6238, Avie Grunnell,HISTORIA,2.7
83-279-0295, Ruben Blaxley,HISTORIA,2.2
61-563-8259, Barris Girling,MATEMATICAS,3.3
34-085-6792, Remington Klimentyonok,LENGUAJE,2.4
31-492-1406, Wanda Olenikov,MATEMATICAS,5.3
39-732-4800, Lanae D'Aulby,LENGUAJE,3.1
96-620-6238, Avie Grunnell,CIENCIAS,5.6
83-279-0295, Ruben Blaxley,HISTORIA,4.5
61-563-8259, Barris Girling,CIENCIAS,2.2
34-085-6792, Remington Klimentyonok,LENGUAJE,3.2
31-492-1406, Wanda Olenikov,LENGUAJE,3.5
39-732-4800, Lanae D'Aulby,MATEMATICAS,3.1
96-620-6238, Avie Grunnell,CIENCIAS,2.1
83-279-0295, Ruben Blaxley,HISTORIA,2.6
61-563-8259, Barris Girling,LENGUAJE,3.3
34-085-6792, Remington Klimentyonok,LENGUAJE,5.1
31-492-1406, Wanda Olenikov,CIENCIAS,1.1
39-732-4800, Lanae D'Aulby,HISTORIA,1.4
96-620-6238, Avie Grunnell,CIENCIAS,4.2
83-279-0295, Ruben Blaxley,HISTORIA,5.0
61-563-8259, Barris Girling,CIENCIAS,2.1
34-085-6792, Remington Klimentyonok,LENGUAJE,3.3
31-492-1406, Wanda Olenikov,MATEMATICAS,5.5
39-732-4800, Lanae D'Aulby,MATEMATICAS,6.3
96-620-6238, Avie Grunnell,CIENCIAS,3.9
83-279-0295, Ruben Blaxley,HISTORIA,6.0
61-563-8259, Barris Girling,MATEMATICAS,3.6
34-085-6792, Remington Klimentyonok,CIENCIAS,4.5
31-492-1406, Wanda Olenikov,CIENCIAS,1.4
39-732-4800, Lanae D'Aulby,CIENCIAS,6.8
96-620-6238, Avie Grunnell,CIENCIAS,1.7
83-279-0295, Ruben Blaxley,MATEMATICAS,6.7
61-563-8259, Barris Girling,HISTORIA,2.3
34-085-6792, Remington Klimentyonok,CIENCIAS,1.6
31-492-1406, Wanda Olenikov,LENGUAJE,5.2
39-732-4800, Lanae D'Aulby,HISTORIA,4.0
96-620-6238, Avie Grunnell,HISTORIA,5.5
83-279-0295, Ruben Blaxley,CIENCIAS,2.0
61-563-8259, Barris Girling,HISTORIA,1.3
34-085-6792, Remington Klimentyonok,HISTORIA,1.5
31-492-1406, Wanda Olenikov,CIENCIAS,2.1
39-732-4800, Lanae D'Aulby,HISTORIA,3.3
96-620-6238, Avie Grunnell,HISTORIA,6.9
83-279-0295, Ruben Blaxley,LENGUAJE,3.5
61-563-8259, Barris Girling,LENGUAJE,5.9
34-085-6792, Remington Klimentyonok,MATEMATICAS,1.5
31-492-1406, Wanda Olenikov,LENGUAJE,6.2
39-732-4800, Lanae D'Aulby,CIENCIAS,4.4
96-620-6238, Avie Grunnell,LENGUAJE,5.6
83-279-0295, Ruben Blaxley,CIENCIAS,5.3
61-563-8259, Barris Girling,CIENCIAS,3.5
34-085-6792, Remington Klimentyonok,LENGUAJE,1.7
31-492-1406, Wanda Olenikov,MATEMATICAS,5.9
39-732-4800, Lanae D'Aulby,CIENCIAS,4.6
96-620-6238, Avie Grunnell,LENGUAJE,2.2
83-279-0295, Ruben Blaxley,CIENCIAS,3.0
61-563-8259, Barris Girling,HISTORIA,5.8
34-085-6792, Remington Klimentyonok,LENGUAJE,5.6
31-492-1406, Wanda Olenikov,LENGUAJE,6.7
39-732-4800, Lanae D'Aulby,MATEMATICAS,5.8
96-620-6238, Avie Grunnell,HISTORIA,1.5
83-279-0295, Ruben Blaxley,CIENCIAS,2.3
61-563-8259, Barris Girling,HISTORIA,3.5
34-085-6792, Remington Klimentyonok,MATEMATICAS,4.8
31-492-1406, Wanda Olenikov,LENGUAJE,3.2
39-732-4800, Lanae D'Aulby,LENGUAJE,6.7
96-620-6238, Avie Grunnell,HISTORIA,5.5
83-279-0295, Ruben Blaxley,LENGUAJE,1.4
61-563-8259, Barris Girling,HISTORIA,3.9
34-085-6792, Remington Klimentyonok,MATEMATICAS,1.6
31-492-1406, Wanda Olenikov,LENGUAJE,1.8
39-732-4800, Lanae D'Aulby,CIENCIAS,1.8
96-620-6238, Avie Grunnell,MATEMATICAS,7.0
83-279-0295, Ruben Blaxley,MATEMATICAS,6.9
61-563-8259, Barris Girling,HISTORIA,5.9
34-085-6792, Remington Klimentyonok,HISTORIA,6.4
31-492-1406, Wanda Olenikov,HISTORIA,3.0
39-732-4800, Lanae D'Aulby,HISTORIA,5.4
96-620-6238, Avie Grunnell,CIENCIAS,2.8
83-279-0295, Ruben Blaxley,LENGUAJE,1.3
61-563-8259, Barris Girling,LENGUAJE,4.5
34-085-6792, Remington Klimentyonok,HISTORIA,4.6
31-492-1406, Wanda Olenikov,CIENCIAS,4.3
39-732-4800, Lanae D'Aulby,HISTORIA,4.7
96-620-6238, Avie Grunnell,CIENCIAS,5.0
83-279-0295, Ruben Blaxley,CIENCIAS,2.0
61-563-8259, Barris Girling,HISTORIA,1.3
34-085-6792, Remington Klimentyonok,HISTORIA,5.5
31-492-1406, Wanda Olenikov,MATEMATICAS,2.6
39-732-4800, Lanae D'Aulby,HISTORIA,6.2
96-620-6238, Avie Grunnell,CIENCIAS,5.8
83-279-0295, Ruben Blaxley,HISTORIA,6.1
61-563-8259, Barris Girling,HISTORIA,5.6
34-085-6792, Remington Klimentyonok,LENGUAJE,2.8
31-492-1406, Wanda Olenikov,CIENCIAS,3.9
39-732-4800, Lanae D'Aulby,HISTORIA,2.0
96-620-6238, Avie Grunnell,CIENCIAS,5.7
83-279-0295, Ruben Blaxley,HISTORIA,2.3
61-563-8259, Barris Girling,CIENCIAS,3.8
34-085-6792, Remington Klimentyonok,CIENCIAS,3.3
31-492-1406, Wanda Olenikov,LENGUAJE,4.7
39-732-4800, Lanae D'Aulby,CIENCIAS,4.4
96-620-6238, Avie Grunnell,LENGUAJE,3.5
83-279-0295, Ruben Blaxley,LENGUAJE,3.0
61-563-8259, Barris Girling,MATEMATICAS,2.6
34-085-6792, Remington Klimentyonok,HISTORIA,3.2
31-492-1406, Wanda Olenikov,HISTORIA,3.3
39-732-4800, Lanae D'Aulby,HISTORIA,3.2
96-620-6238, Avie Grunnell,HISTORIA,3.0
83-279-0295, Ruben Blaxley,HISTORIA,6.2
61-563-8259, Barris Girling,MATEMATICAS,3.0
34-085-6792, Remington Klimentyonok,LENGUAJE,1.8
31-492-1406, Wanda Olenikov,HISTORIA,3.7
39-732-4800, Lanae D'Aulby,HISTORIA,2.1
96-620-6238, Avie Grunnell,CIENCIAS,2.3
83-279-0295, Ruben Blaxley,CIENCIAS,6.0
61-563-8259, Barris Girling,HISTORIA,3.8
34-085-6792, Remington Klimentyonok,HISTORIA,3.9
31-492-1406, Wanda Olenikov,MATEMATICAS,2.1
39-732-4800, Lanae D'Aulby,LENGUAJE,3.7
96-620-6238, Avie Grunnell,HISTORIA,2.1
83-279-0295, Ruben Blaxley,CIENCIAS,6.8
61-563-8259, Barris Girling,HISTORIA,5.8
34-085-6792, Remington Klimentyonok,HISTORIA,1.4
31-492-1406, Wanda Olenikov,LENGUAJE,5.9
39-732-4800, Lanae D'Aulby,LENGUAJE,1.0
96-620-6238, Avie Grunnell,HISTORIA,1.5
83-279-0295, Ruben Blaxley,LENGUAJE,6.6
61-563-8259, Barris Girling,HISTORIA,6.2
34-085-6792, Remington Klimentyonok,LENGUAJE,2.6
31-492-1406, Wanda Olenikov,MATEMATICAS,6.2
39-732-4800, Lanae D'Aulby,LENGUAJE,7.0
96-620-6238, Avie Grunnell,HISTORIA,3.5
83-279-0295, Ruben Blaxley,HISTORIA,2.9
61-563-8259, Barris Girling,HISTORIA,5.1
34-085-6792, Remington Klimentyonok,CIENCIAS,4.2
31-492-1406, Wanda Olenikov,MATEMATICAS,6.4
39-732-4800, Lanae D'Aulby,HISTORIA,2.9
96-620-6238, Avie Grunnell,LENGUAJE,1.7
83-279-0295, Ruben Blaxley,HISTORIA,1.6
61-563-8259, Barris Girling,HISTORIA,1.5
34-085-6792, Remington Klimentyonok,CIENCIAS,3.9
31-492-1406, Wanda Olenikov,CIENCIAS,1.8
39-732-4800, Lanae D'Aulby,HISTORIA,2.4
96-620-6238, Avie Grunnell,LENGUAJE,6.2
83-279-0295, Ruben Blaxley,HISTORIA,2.4
61-563-8259, Barris Girling,HISTORIA,2.0
34-085-6792, Remington Klimentyonok,LENGUAJE,3.0
31-492-1406, Wanda Olenikov,HISTORIA,4.3
39-732-4800, Lanae D'Aulby,CIENCIAS,5.6
96-620-6238, Avie Grunnell,CIENCIAS,3.6
83-279-0295, Ruben Blaxley,LENGUAJE,2.8
61-563-8259, Barris Girling,HISTORIA,2.6
34-085-6792, Remington Klimentyonok,HISTORIA,6.2
31-492-1406, Wanda Olenikov,MATEMATICAS,2.7
39-732-4800, Lanae D'Aulby,MATEMATICAS,6.7
96-620-6238, Avie Grunnell,MATEMATICAS,6.1
83-279-0295, Ruben Blaxley,HISTORIA,3.1
61-563-8259, Barris Girling,LENGUAJE,1.0
34-085-6792, Remington Klimentyonok,MATEMATICAS,3.7
31-492-1406, Wanda Olenikov,CIENCIAS,4.2
39-732-4800, Lanae D'Aulby,MATEMATICAS,7.0
96-620-6238, Avie Grunnell,LENGUAJE,4.7
83-279-0295, Ruben Blaxley,HISTORIA,5.4
61-563-8259, Barris Girling,CIENCIAS,4.1
34-085-6792, Remington Klimentyonok,MATEMATICAS,6.4
31-492-1406, Wanda Olenikov,MATEMATICAS,2.3
39-732-4800, Lanae D'Aulby,MATEMATICAS,5.2
96-620-6238, Avie Grunnell,MATEMATICAS,1.8
83-279-0295, Ruben Blaxley,CIENCIAS,3.6
61-563-8259, Barris Girling,MATEMATICAS,5.4
34-085-6792, Remington Klimentyonok,CIENCIAS,6.9
31-492-1406, Wanda Olenikov,HISTORIA,3.0
39-732-4800, Lanae D'Aulby,CIENCIAS,5.1
96-620-6238, Avie Grunnell,LENGUAJE,2.4
83-279-0295, Ruben Blaxley,MATEMATICAS,2.1
61-563-8259, Barris Girling,MATEMATICAS,5.2
34-085-6792, Remington Klimentyonok,CIENCIAS,1.8
31-492-1406, Wanda Olenikov,LENGUAJE,2.0
39-732-4800, Lanae D'Aulby,CIENCIAS,2.8
96-620-6238, Avie Grunnell,CIENCIAS,6.1
83-279-0295, Ruben Blaxley,LENGUAJE,5.7
61-563-8259, Barris Girling,MATEMATICAS,4.1
34-085-6792, Remington Klimentyonok,LENGUAJE,5.4
31-492-1406, Wanda Olenikov,CIENCIAS,1.4
39-732-4800, Lanae D'Aulby,CIENCIAS,7.0
96-620-6238, Avie Grunnell,CIENCIAS,4.2
83-279-0295, Ruben Blaxley,LENGUAJE,5.6
61-563-8259, Barris Girling,CIENCIAS,2.0
34-085-6792, Remington Klimentyonok,HISTORIA,5.1
31-492-1406, Wanda Olenikov,CIENCIAS,1.5
39-732-4800, Lanae D'Aulby,HISTORIA,4.7
96-620-6238, Avie Grunnell,CIENCIAS,1.5
83-279-0295, Ruben Blaxley,MATEMATICAS,3.8
61-563-8259, Barris Girling,CIENCIAS,1.9
34-085-6792, Remington Klimentyonok,LENGUAJE,5.6
31-492-1406, Wanda Olenikov,CIENCIAS,2.1
39-732-4800, Lanae D'Aulby,CIENCIAS,6.4
96-620-6238, Avie Grunnell,MATEMATICAS,4.7
83-279-0295, Ruben Blaxley,MATEMATICAS,2.7
61-563-8259, Barris Girling,LENGUAJE,2.6
34-085-6792, Remington Klimentyonok,CIENCIAS,2.0
31-492-1406, Wanda Olenikov,CIENCIAS,3.2
39-732-4800, Lanae D'Aulby,LENGUAJE,5.3
96-620-6238, Avie Grunnell,HISTORIA,4.1
83-279-0295, Ruben Blaxley,HISTORIA,6.5
61-563-8259, Barris Girling,MATEMATICAS,1.9
34-085-6792, Remington Klimentyonok,MATEMATICAS,6.0
31-492-1406, Wanda Olenikov,CIENCIAS,5.1
39-732-4800, Lanae D'Aulby,HISTORIA,3.6
96-620-6238, Avie Grunnell,CIENCIAS,6.8
83-279-0295, Ruben Blaxley,MATEMATICAS,3.7
61-563-8259, Barris Girling,CIENCIAS,4.3
34-085-6792, Remington Klimentyonok,LENGUAJE,6.6
31-492-1406, Wanda Olenikov,CIENCIAS,5.9
39-732-4800, Lanae D'Aulby,CIENCIAS,3.9
96-620-6238, Avie Grunnell,MATEMATICAS,5.6
83-279-0295, Ruben Blaxley,LENGUAJE,3.2
61-563-8259, Barris Girling,LENGUAJE,3.3
34-085-6792, Remington Klimentyonok,MATEMATICAS,3.1
31-492-1406, Wanda Olenikov,CIENCIAS,1.4
39-732-4800, Lanae D'Aulby,LENGUAJE,6.6
96-620-6238, Avie Grunnell,MATEMATICAS,4.2
83-279-0295, Ruben Blaxley,MATEMATICAS,3.7
61-563-8259, Barris Girling,MATEMATICAS,4.9
34-085-6792, Remington Klimentyonok,CIENCIAS,4.5
31-492-1406, Wanda Olenikov,HISTORIA,2.7
39-732-4800, Lanae D'Aulby,CIENCIAS,1.9
96-620-6238, Avie Grunnell,LENGUAJE,1.1
83-279-0295, Ruben Blaxley,LENGUAJE,5.2
61-563-8259, Barris Girling,MATEMATICAS,2.8
34-085-6792, Remington Klimentyonok,CIENCIAS,5.7
31-492-1406, Wanda Olenikov,MATEMATICAS,2.8
39-732-4800, Lanae D'Aulby,HISTORIA,5.9
96-620-6238, Avie Grunnell,HISTORIA,3.7
83-279-0295, Ruben Blaxley,CIENCIAS,6.3
61-563-8259, Barris Girling,MATEMATICAS,4.1
34-085-6792, Remington Klimentyonok,HISTORIA,6.3
31-492-1406, Wanda Olenikov,CIENCIAS,3.6
39-732-4800, Lanae D'Aulby,LENGUAJE,6.7
96-620-6238, Avie Grunnell,CIENCIAS,3.1
83-279-0295, Ruben Blaxley,MATEMATICAS,1.3
61-563-8259, Barris Girling,CIENCIAS,1.7
34-085-6792, Remington Klimentyonok,MATEMATICAS,2.1
31-492-1406, Wanda Olenikov,HISTORIA,1.8
39-732-4800, Lanae D'Aulby,LENGUAJE,3.0
96-620-6238, Avie Grunnell,CIENCIAS,2.1
83-279-0295, Ruben Blaxley,CIENCIAS,5.3
61-563-8259, Barris Girling,LENGUAJE,5.2
34-085-6792, Remington Klimentyonok,LENGUAJE,3.5
31-492-1406, Wanda Olenikov,HISTORIA,2.8
39-732-4800, Lanae D'Aulby,MATEMATICAS,1.3
96-620-6238, Avie Grunnell,LENGUAJE,4.4
83-279-0295, Ruben Blaxley,LENGUAJE,4.4
61-563-8259, Barris Girling,HISTORIA,3.6
34-085-6792, Remington Klimentyonok,MATEMATICAS,1.7
31-492-1406, Wanda Olenikov,LENGUAJE,4.0
39-732-4800, Lanae D'Aulby,HISTORIA,3.9
96-620-6238, Avie Grunnell,HISTORIA,1.3
83-279-0295, Ruben Blaxley,HISTORIA,2.8
61-563-8259, Barris Girling,LENGUAJE,4.8
34-085-6792, Remington Klimentyonok,CIENCIAS,6.2
31-492-1406, Wanda Olenikov,LENGUAJE,1.8
39-732-4800, Lanae D'Aulby,CIENCIAS,2.6
96-620-6238, Avie Grunnell,HISTORIA,5.8
83-279-0295, Ruben Blaxley,CIENCIAS,6.8
61-563-8259, Barris Girling,LENGUAJE,6.5
34-085-6792, Remington Klimentyonok,CIENCIAS,5.5
31-492-1406, Wanda Olenikov,LENGUAJE,4.6
39-732-4800, Lanae D'Aulby,MATEMATICAS,4.1
96-620-6238, Avie Grunnell,LENGUAJE,6.8
83-279-0295, Ruben Blaxley,CIENCIAS,2.2
61-563-8259, Barris Girling,LENGUAJE,3.2
34-085-6792, Remington Klimentyonok,LENGUAJE,6.7
31-492-1406, Wanda Olenikov,MATEMATICAS,6.7
39-732-4800, Lanae D'Aulby,LENGUAJE,5.9
96-620-6238, Avie Grunnell,MATEMATICAS,4.5
83-279-0295, Ruben Blaxley,CIENCIAS,5.1
61-563-8259, Barris Girling,MATEMATICAS,6.9
34-085-6792, Remington Klimentyonok,CIENCIAS,1.9
31-492-1406, Wanda Olenikov,MATEMATICAS,4.9
39-732-4800, Lanae D'Aulby,CIENCIAS,2.3
96-620-6238, Avie Grunnell,CIENCIAS,1.7
83-279-0295, Ruben Blaxley,LENGUAJE,2.9
61-563-8259, Barris Girling,MATEMATICAS,4.6
34-085-6792, Remington Klimentyonok,CIENCIAS,5.6
31-492-1406, Wanda Olenikov,CIENCIAS,3.2
39-732-4800, Lanae D'Aulby,MATEMATICAS,7.0
96-620-6238, Avie Grunnell,MATEMATICAS,1.4
83-279-0295, Ruben Blaxley,CIENCIAS,6.1
61-563-8259, Barris Girling,HISTORIA,6.2
34-085-6792, Remington Klimentyonok,CIENCIAS,2.3
31-492-1406, Wanda Olenikov,LENGUAJE,6.9
39-732-4800, Lanae D'Aulby,CIENCIAS,4.0
96-620-6238, Avie Grunnell,HISTORIA,5.3
83-279-0295, Ruben Blaxley,CIENCIAS,2.6
61-563-8259, Barris Girling,HISTORIA,1.1
34-085-6792, Remington Klimentyonok,CIENCIAS,6.1
31-492-1406, Wanda Olenikov,HISTORIA,6.3
39-732-4800, Lanae D'Aulby,MATEMATICAS,1.2
96-620-6238, Avie Grunnell,LENGUAJE,5.3
83-279-0295, Ruben Blaxley,HISTORIA,4.3
61-563-8259, Barris Girling,CIENCIAS,5.9
34-085-6792, Remington Klimentyonok,HISTORIA,1.2
31-492-1406, Wanda Olenikov,LENGUAJE,3.5
39-732-4800, Lanae D'Aulby,HISTORIA,3.7
96-620-6238, Avie Grunnell,HISTORIA,2.3
83-279-0295, Ruben Blaxley,CIENCIAS,1.9
61-563-8259, Barris Girling,CIENCIAS,1.7
34-085-6792, Remington Klimentyonok,MATEMATICAS,2.2
31-492-1406, Wanda Olenikov,CIENCIAS,3.5
39-732-4800, Lanae D'Aulby,CIENCIAS,3.7
96-620-6238, Avie Grunnell,LENGUAJE,6.4
83-279-0295, Ruben Blaxley,HISTORIA,2.1
61-563-8259, Barris Girling,HISTORIA,4.8
34-085-6792, Remington Klimentyonok,MATEMATICAS,3.6
31-492-1406, Wanda Olenikov,HISTORIA,2.0
39-732-4800, Lanae D'Aulby,HISTORIA,2.3
96-620-6238, Avie Grunnell,HISTORIA,5.5
83-279-0295, Ruben Blaxley,MATEMATICAS,1.6
61-563-8259, Barris Girling,LENGUAJE,4.4
34-085-6792, Remington Klimentyonok,HISTORIA,3.8
31-492-1406, Wanda Olenikov,MATEMATICAS,6.1
39-732-4800, Lanae D'Aulby,LENGUAJE,1.6
96-620-6238, Avie Grunnell,LENGUAJE,4.2
83-279-0295, Ruben Blaxley,HISTORIA,2.8
61-563-8259, Barris Girling,HISTORIA,3.9
34-085-6792, Remington Klimentyonok,MATEMATICAS,1.1
31-492-1406, Wanda Olenikov,MATEMATICAS,3.5
39-732-4800, Lanae D'Aulby,MATEMATICAS,4.5
96-620-6238, Avie Grunnell,CIENCIAS,1.3
83-279-0295, Ruben Blaxley,MATEMATICAS,3.1
61-563-8259, Barris Girling,MATEMATICAS,2.5
34-085-6792, Remington Klimentyonok,CIENCIAS,4.2
31-492-1406, Wanda Olenikov,LENGUAJE,6.7
39-732-4800, Lanae D'Aulby,LENGUAJE,2.4
96-620-6238, Avie Grunnell,HISTORIA,6.6
83-279-0295, Ruben Blaxley,MATEMATICAS,1.6
61-563-8259, Barris Girling,MATEMATICAS,5.7
34-085-6792, Remington Klimentyonok,MATEMATICAS,4.6
31-492-1406, Wanda Olenikov,MATEMATICAS,2.9
39-732-4800, Lanae D'Aulby,HISTORIA,6.4
96-620-6238, Avie Grunnell,MATEMATICAS,4.6
83-279-0295, Ruben Blaxley,MATEMATICAS,1.6
61-563-8259, Barris Girling,HISTORIA,1.8
34-085-6792, Remington Klimentyonok,MATEMATICAS,2.9
31-492-1406, Wanda Olenikov,LENGUAJE,6.4
39-732-4800, Lanae D'Aulby,HISTORIA,2.4
96-620-6238, Avie Grunnell,HISTORIA,2.7
83-279-0295, Ruben Blaxley,MATEMATICAS,1.1
61-563-8259, Barris Girling,CIENCIAS,1.8
34-085-6792, Remington Klimentyonok,LENGUAJE,6.1
31-492-1406, Wanda Olenikov,HISTORIA,1.2
39-732-4800, Lanae D'Aulby,LENGUAJE,2.4
96-620-6238, Avie Grunnell,LENGUAJE,5.4
83-279-0295, Ruben Blaxley,HISTORIA,5.9
61-563-8259, Barris Girling,MATEMATICAS,2.5
34-085-6792, Remington Klimentyonok,CIENCIAS,4.3
31-492-1406, Wanda Olenikov,HISTORIA,6.8
39-732-4800, Lanae D'Aulby,CIENCIAS,2.1
96-620-6238, Avie Grunnell,MATEMATICAS,6.4
83-279-0295, Ruben Blaxley,HISTORIA,2.4
61-563-8259, Barris Girling,CIENCIAS,6.4
34-085-6792, Remington Klimentyonok,CIENCIAS,2.1
31-492-1406, Wanda Olenikov,CIENCIAS,5.4
39-732-4800, Lanae D'Aulby,MATEMATICAS,2.1
96-620-6238, Avie Grunnell,HISTORIA,3.5
83-279-0295, Ruben Blaxley,CIENCIAS,6.0
61-563-8259, Barris Girling,LENGUAJE,2.0
34-085-6792, Remington Klimentyonok,HISTORIA,6.4
31-492-1406, Wanda Olenikov,CIENCIAS,3.0
39-732-4800, Lanae D'Aulby,LENGUAJE,4.3
96-620-6238, Avie Grunnell,HISTORIA,3.4
83-279-0295, Ruben Blaxley,HISTORIA,4.0
61-563-8259, Barris Girling,LENGUAJE,1.5
34-085-6792, Remington Klimentyonok,LENGUAJE,1.6
31-492-1406, Wanda Olenikov,LENGUAJE,6.8
39-732-4800, Lanae D'Aulby,MATEMATICAS,6.2
96-620-6238, Avie Grunnell,MATEMATICAS,1.1
83-279-0295, Ruben Blaxley,LENGUAJE,3.7
61-563-8259, Barris Girling,CIENCIAS,5.6
34-085-6792, Remington Klimentyonok,MATEMATICAS,4.4
31-492-1406, Wanda Olenikov,MATEMATICAS,3.4
39-732-4800, Lanae D'Aulby,MATEMATICAS,6.2
96-620-6238, Avie Grunnell,LENGUAJE,3.1
83-279-0295, Ruben Blaxley,MATEMATICAS,5.9
61-563-8259, Barris Girling,CIENCIAS,1.7
34-085-6792, Remington Klimentyonok,MATEMATICAS,3.0
31-492-1406, Wanda Olenikov,LENGUAJE,3.5
39-732-4800, Lanae D'Aulby,LENGUAJE,4.6
96-620-6238, Avie Grunnell,HISTORIA,2.8
83-279-0295, Ruben Blaxley,MATEMATICAS,3.4
61-563-8259, Barris Girling,HISTORIA,3.5
34-085-6792, Remington Klimentyonok,LENGUAJE,4.2
31-492-1406, Wanda Olenikov,LENGUAJE,6.2
39-732-4800, Lanae D'Aulby,HISTORIA,4.1
96-620-6238, Avie Grunnell,MATEMATICAS,4.3
83-279-0295, Ruben Blaxley,HISTORIA,6.6
61-563-8259, Barris Girling,CIENCIAS,1.0
34-085-6792, Remington Klimentyonok,CIENCIAS,4.5
31-492-1406, Wanda Olenikov,LENGUAJE,5.8
39-732-4800, Lanae D'Aulby,LENGUAJE,4.9
96-620-6238, Avie Grunnell,HISTORIA,1.0
83-279-0295, Ruben Blaxley,HISTORIA,3.3
61-563-8259, Barris Girling,LENGUAJE,4.5
34-085-6792, Remington Klimentyonok,MATEMATICAS,4.8
31-492-1406, Wanda Olenikov,CIENCIAS,1.9
39-732-4800, Lanae D'Aulby,CIENCIAS,3.6
96-620-6238, Avie Grunnell,MATEMATICAS,2.0
83-279-0295, Ruben Blaxley,LENGUAJE,6.9
61-563-8259, Barris Girling,LENGUAJE,5.1
34-085-6792, Remington Klimentyonok,HISTORIA,5.4
31-492-1406, Wanda Olenikov,HISTORIA,4.8
39-732-4800, Lanae D'Aulby,HISTORIA,1.3
96-620-6238, Avie Grunnell,LENGUAJE,5.4
83-279-0295, Ruben Blaxley,HISTORIA,2.3
61-563-8259, Barris Girling,CIENCIAS,1.8
34-085-6792, Remington Klimentyonok,HISTORIA,2.6
31-492-1406, Wanda Olenikov,HISTORIA,3.6
39-732-4800, Lanae D'Aulby,HISTORIA,1.6
96-620-6238, Avie Grunnell,LENGUAJE,1.4
83-279-0295, Ruben Blaxley,LENGUAJE,3.4
61-563-8259, Barris Girling,CIENCIAS,6.6
34-085-6792, Remington Klimentyonok,HISTORIA,5.5
31-492-1406, Wanda Olenikov,MATEMATICAS,6.1
39-732-4800, Lanae D'Aulby,LENGUAJE,1.2
96-620-6238, Avie Grunnell,LENGUAJE,6.9
83-279-0295, Ruben Blaxley,MATEMATICAS,4.9
61-563-8259, Barris Girling,MATEMATICAS,5.9
34-085-6792, Remington Klimentyonok,HISTORIA,3.6
31-492-1406, Wanda Olenikov,MATEMATICAS,4.0
39-732-4800, Lanae D'Aulby,HISTORIA,4.5
96-620-6238, Avie Grunnell,MATEMATICAS,2.8
83-279-0295, Ruben Blaxley,CIENCIAS,3.3
61-563-8259, Barris Girling,HISTORIA,4.5
34-085-6792, Remington Klimentyonok,LENGUAJE,6.3
31-492-1406, Wanda Olenikov,HISTORIA,4.2
39-732-4800, Lanae D'Aulby,MATEMATICAS,6.0
96-620-6238, Avie Grunnell,MATEMATICAS,6.7
83-279-0295, Ruben Blaxley,MATEMATICAS,6.9
61-563-8259, Barris Girling,MATEMATICAS,3.6
34-085-6792, Remington Klimentyonok,HISTORIA,2.3
31-492-1406, Wanda Olenikov,CIENCIAS,5.2
39-732-4800, Lanae D'Aulby,CIENCIAS,1.5
96-620-6238, Avie Grunnell,HISTORIA,1.9
83-279-0295, Ruben Blaxley,CIENCIAS,5.4
61-563-8259, Barris Girling,CIENCIAS,3.1
34-085-6792, Remington Klimentyonok,LENGUAJE,1.9
31-492-1406, Wanda Olenikov,CIENCIAS,5.9
39-732-4800, Lanae D'Aulby,MATEMATICAS,2.7
96-620-6238, Avie Grunnell,LENGUAJE,2.5
83-279-0295, Ruben Blaxley,CIENCIAS,4.0
61-563-8259, Barris Girling,MATEMATICAS,5.0
34-085-6792, Remington Klimentyonok,LENGUAJE,5.0
31-492-1406, Wanda Olenikov,HISTORIA,2.7
39-732-4800, Lanae D'Aulby,CIENCIAS,5.7
96-620-6238, Avie Grunnell,CIENCIAS,5.0
83-279-0295, Ruben Blaxley,CIENCIAS,2.4
61-563-8259, Barris Girling,HISTORIA,4.7
34-085-6792, Remington Klimentyonok,MATEMATICAS,2.7
31-492-1406, Wanda Olenikov,CIENCIAS,1.4
39-732-4800, Lanae D'Aulby,MATEMATICAS,1.8
96-620-6238, Avie Grunnell,CIENCIAS,6.4
83-279-0295, Ruben Blaxley,LENGUAJE,1.3
61-563-8259, Barris Girling,CIENCIAS,3.8
34-085-6792, Remington Klimentyonok,CIENCIAS,4.0
31-492-1406, Wanda Olenikov,MATEMATICAS,5.0
39-732-4800, Lanae D'Aulby,CIENCIAS,6.7
96-620-6238, Avie Grunnell,LENGUAJE,5.4
83-279-0295, Ruben Blaxley,HISTORIA,2.6
61-563-8259, Barris Girling,LENGUAJE,2.9
34-085-6792, Remington Klimentyonok,MATEMATICAS,3.7
31-492-1406, Wanda Olenikov,HISTORIA,5.5
39-732-4800, Lanae D'Aulby,MATEMATICAS,4.8
96-620-6238, Avie Grunnell,LENGUAJE,2.4
83-279-0295, Ruben Blaxley,LENGUAJE,3.5
61-563-8259, Barris Girling,LENGUAJE,2.7
34-085-6792, Remington Klimentyonok,HISTORIA,5.8
31-492-1406, Wanda Olenikov,CIENCIAS,1.6
39-732-4800, Lanae D'Aulby,LENGUAJE,5.0
96-620-6238, Avie Grunnell,CIENCIAS,6.9
83-279-0295, Ruben Blaxley,CIENCIAS,1.3
61-563-8259, Barris Girling,CIENCIAS,4.3
34-085-6792, Remington Klimentyonok,HISTORIA,1.9
31-492-1406, Wanda Olenikov,LENGUAJE,3.4
39-732-4800, Lanae D'Aulby,CIENCIAS,1.3
96-620-6238, Avie Grunnell,CIENCIAS,2.3
83-279-0295, Ruben Blaxley,HISTORIA,6.2
61-563-8259, Barris Girling,HISTORIA,3.4
34-085-6792, Remington Klimentyonok,CIENCIAS,1.9
31-492-1406, Wanda Olenikov,CIENCIAS,3.5
39-732-4800, Lanae D'Aulby,HISTORIA,2.9
96-620-6238, Avie Grunnell,HISTORIA,1.1
83-279-0295, Ruben Blaxley,LENGUAJE,3.0
61-563-8259, Barris Girling,MATEMATICAS,4.8
34-085-6792, Remington Klimentyonok,HISTORIA,1.5
31-492-1406, Wanda Olenikov,HISTORIA,4.7
39-732-4800, Lanae D'Aulby,HISTORIA,2.7
96-620-6238, Avie Grunnell,MATEMATICAS,3.3
83-279-0295, Ruben Blaxley,CIENCIAS,2.8
61-563-8259, Barris Girling,HISTORIA,2.6
34-085-6792, Remington Klimentyonok,CIENCIAS,1.9
31-492-1406, Wanda Olenikov,HISTORIA,3.1
39-732-4800, Lanae D'Aulby,CIENCIAS,5.5
96-620-6238, Avie Grunnell,CIENCIAS,5.4
83-279-0295, Ruben Blaxley,HISTORIA,6.9
61-563-8259, Barris Girling,HISTORIA,3.8
34-085-6792, Remington Klimentyonok,MATEMATICAS,1.9
31-492-1406, Wanda Olenikov,HISTORIA,5.1
39-732-4800, Lanae D'Aulby,LENGUAJE,4.9
96-620-6238, Avie Grunnell,MATEMATICAS,1.0
83-279-0295, Ruben Blaxley,CIENCIAS,3.9
61-563-8259, Barris Girling,HISTORIA,1.8
34-085-6792, Remington Klimentyonok,MATEMATICAS,1.0
31-492-1406, Wanda Olenikov,LENGUAJE,1.7
39-732-4800, Lanae D'Aulby,LENGUAJE,1.4
96-620-6238, Avie Grunnell,HISTORIA,6.2
83-279-0295, Ruben Blaxley,CIENCIAS,2.5
61-563-8259, Barris Girling,CIENCIAS,1.1
34-085-6792, Remington Klimentyonok,HISTORIA,6.7
31-492-1406, Wanda Olenikov,CIENCIAS,5.0
39-732-4800, Lanae D'Aulby,LENGUAJE,1.1
96-620-6238, Avie Grunnell,MATEMATICAS,3.3
83-279-0295, Ruben Blaxley,LENGUAJE,2.2
61-563-8259, Barris Girling,LENGUAJE,4.5
34-085-6792, Remington Klimentyonok,HISTORIA,5.6
31-492-1406, Wanda Olenikov,CIENCIAS,6.3
39-732-4800, Lanae D'Aulby,LENGUAJE,6.2
96-620-6238, Avie Grunnell,HISTORIA,6.2
83-279-0295, Ruben Blaxley,MATEMATICAS,6.7
61-563-8259, Barris Girling,LENGUAJE,3.3
34-085-6792, Remington Klimentyonok,MATEMATICAS,4.6
31-492-1406, Wanda Olenikov,MATEMATICAS,7.0
39-732-4800, Lanae D'Aulby,HISTORIA,6.8
96-620-6238, Avie Grunnell,MATEMATICAS,2.9
83-279-0295, Ruben Blaxley,CIENCIAS,3.4
61-563-8259, Barris Girling,MATEMATICAS,1.5
34-085-6792, Remington Klimentyonok,LENGUAJE,2.7
31-492-1406, Wanda Olenikov,CIENCIAS,3.1
39-732-4800, Lanae D'Aulby,MATEMATICAS,4.1
96-620-6238, Avie Grunnell,LENGUAJE,6.4
83-279-0295, Ruben Blaxley,LENGUAJE,5.3
61-563-8259, Barris Girling,MATEMATICAS,4.7
34-085-6792, Remington Klimentyonok,HISTORIA,3.5
31-492-1406, Wanda Olenikov,LENGUAJE,6.1
39-732-4800, Lanae D'Aulby,MATEMATICAS,2.5
96-620-6238, Avie Grunnell,HISTORIA,4.7
83-279-0295, Ruben Blaxley,LENGUAJE,6.2
61-563-8259, Barris Girling,CIENCIAS,4.6
34-085-6792, Remington Klimentyonok,LENGUAJE,2.2
31-492-1406, Wanda Olenikov,CIENCIAS,6.9
39-732-4800, Lanae D'Aulby,CIENCIAS,2.6
96-620-6238, Avie Grunnell,LENGUAJE,5.5
83-279-0295, Ruben Blaxley,LENGUAJE,6.1
61-563-8259, Barris Girling,CIENCIAS,2.6
34-085-6792, Remington Klimentyonok,HISTORIA,2.6
31-492-1406, Wanda Olenikov,CIENCIAS,3.5
39-732-4800, Lanae D'Aulby,HISTORIA,6.5
96-620-6238, Avie Grunnell,HISTORIA,2.8
83-279-0295, Ruben Blaxley,LENGUAJE,5.0
61-563-8259, Barris Girling,CIENCIAS,2.7
34-085-6792, Remington Klimentyonok,CIENCIAS,4.8
31-492-1406, Wanda Olenikov,MATEMATICAS,6.4
39-732-4800, Lanae D'Aulby,MATEMATICAS,5.6
96-620-6238, Avie Grunnell,MATEMATICAS,5.0
83-279-0295, Ruben Blaxley,MATEMATICAS,2.0
61-563-8259, Barris Girling,CIENCIAS,4.2
34-085-6792, Remington Klimentyonok,LENGUAJE,4.1
31-492-1406, Wanda Olenikov,HISTORIA,5.4
39-732-4800, Lanae D'Aulby,LENGUAJE,1.9
96-620-6238, Avie Grunnell,HISTORIA,4.3
83-279-0295, Ruben Blaxley,LENGUAJE,5.4
61-563-8259, Barris Girling,MATEMATICAS,4.5
34-085-6792, Remington Klimentyonok,HISTORIA,2.9
31-492-1406, Wanda Olenikov,CIENCIAS,6.2
39-732-4800, Lanae D'Aulby,CIENCIAS,1.6
96-620-6238, Avie Grunnell,LENGUAJE,4.4
83-279-0295, Ruben Blaxley,MATEMATICAS,3.8
61-563-8259, Barris Girling,CIENCIAS,2.0
34-085-6792, Remington Klimentyonok,LENGUAJE,5.8
31-492-1406, Wanda Olenikov,MATEMATICAS,6.1
39-732-4800, Lanae D'Aulby,MATEMATICAS,1.9
96-620-6238, Avie Grunnell,LENGUAJE,6.1
83-279-0295, Ruben Blaxley,HISTORIA,4.8
61-563-8259, Barris Girling,CIENCIAS,1.2
34-085-6792, Remington Klimentyonok,CIENCIAS,3.7
31-492-1406, Wanda Olenikov,MATEMATICAS,6.1
39-732-4800, Lanae D'Aulby,LENGUAJE,2.2
96-620-6238, Avie Grunnell,CIENCIAS,1.4
83-279-0295, Ruben Blaxley,LENGUAJE,3.4
61-563-8259, Barris Girling,MATEMATICAS,4.3
34-085-6792, Remington Klimentyonok,LENGUAJE,4.3
31-492-1406, Wanda Olenikov,MATEMATICAS,4.7
39-732-4800, Lanae D'Aulby,LENGUAJE,6.7
96-620-6238, Avie Grunnell,MATEMATICAS,5.7
83-279-0295, Ruben Blaxley,HISTORIA,1.3
61-563-8259, Barris Girling,LENGUAJE,2.0
34-085-6792, Remington Klimentyonok,LENGUAJE,2.1
31-492-1406, Wanda Olenikov,MATEMATICAS,2.9
39-732-4800, Lanae D'Aulby,MATEMATICAS,3.6
96-620-6238, Avie Grunnell,CIENCIAS,6.6
83-279-0295, Ruben Blaxley,LENGUAJE,5.3
61-563-8259, Barris Girling,MATEMATICAS,3.3
34-085-6792, Remington Klimentyonok,CIENCIAS,4.7
31-492-1406, Wanda Olenikov,CIENCIAS,4.9
39-732-4800, Lanae D'Aulby,LENGUAJE,3.2
96-620-6238, Avie Grunnell,LENGUAJE,2.3
83-279-0295, Ruben Blaxley,MATEMATICAS,6.7
61-563-8259, Barris Girling,MATEMATICAS,6.2
34-085-6792, Remington Klimentyonok,LENGUAJE,3.5
31-492-1406, Wanda Olenikov,MATEMATICAS,2.9
39-732-4800, Lanae D'Aulby,CIENCIAS,1.5
96-620-6238, Avie Grunnell,MATEMATICAS,3.7
83-279-0295, Ruben Blaxley,MATEMATICAS,1.1
61-563-8259, Barris Girling,HISTORIA,6.4
34-085-6792, Remington Klimentyonok,CIENCIAS,7.0
31-492-1406, Wanda Olenikov,MATEMATICAS,1.5
39-732-4800, Lanae D'Aulby,MATEMATICAS,1.4
96-620-6238, Avie Grunnell,LENGUAJE,5.1
83-279-0295, Ruben Blaxley,CIENCIAS,7.0
61-563-8259, Barris Girling,CIENCIAS,1.6
34-085-6792, Remington Klimentyonok,HISTORIA,4.7
31-492-1406, Wanda Olenikov,HISTORIA,3.8
39-732-4800, Lanae D'Aulby,MATEMATICAS,5.0
96-620-6238, Avie Grunnell,MATEMATICAS,6.2
83-279-0295, Ruben Blaxley,HISTORIA,6.6
61-563-8259, Barris Girling,CIENCIAS,5.1
34-085-6792, Remington Klimentyonok,CIENCIAS,4.4
31-492-1406, Wanda Olenikov,HISTORIA,5.9
39-732-4800, Lanae D'Aulby,MATEMATICAS,3.3
96-620-6238, Avie Grunnell,MATEMATICAS,4.2
83-279-0295, Ruben Blaxley,MATEMATICAS,3.1
61-563-8259, Barris Girling,MATEMATICAS,5.0
34-085-6792, Remington Klimentyonok,CIENCIAS,1.4
31-492-1406, Wanda Olenikov,MATEMATICAS,2.0
39-732-4800, Lanae D'Aulby,MATEMATICAS,6.3
96-620-6238, Avie Grunnell,LENGUAJE,3.1
83-279-0295, Ruben Blaxley,HISTORIA,4.3
61-563-8259, Barris Girling,CIENCIAS,6.9
34-085-6792, Remington Klimentyonok,MATEMATICAS,1.7
31-492-1406, Wanda Olenikov,CIENCIAS,4.6
39-732-4800, Lanae D'Aulby,LENGUAJE,4.7
96-620-6238, Avie Grunnell,CIENCIAS,5.6
83-279-0295, Ruben Blaxley,HISTORIA,2.0
61-563-8259, Barris Girling,HISTORIA,6.6
34-085-6792, Remington Klimentyonok,CIENCIAS,4.7
31-492-1406, Wanda Olenikov,CIENCIAS,5.6
39-732-4800, Lanae D'Aulby,CIENCIAS,2.0
96-620-6238, Avie Grunnell,CIENCIAS,5.5
83-279-0295, Ruben Blaxley,CIENCIAS,2.0
61-563-8259, Barris Girling,LENGUAJE,5.6
34-085-6792, Remington Klimentyonok,CIENCIAS,6.7
31-492-1406, Wanda Olenikov,LENGUAJE,1.2
39-732-4800, Lanae D'Aulby,HISTORIA,3.2
96-620-6238, Avie Grunnell,CIENCIAS,3.0
83-279-0295, Ruben Blaxley,LENGUAJE,2.8
61-563-8259, Barris Girling,LENGUAJE,1.4
34-085-6792, Remington Klimentyonok,HISTORIA,3.4
31-492-1406, Wanda Olenikov,LENGUAJE,2.1
39-732-4800, Lanae D'Aulby,LENGUAJE,1.0
96-620-6238, Avie Grunnell,LENGUAJE,4.4
83-279-0295, Ruben Blaxley,MATEMATICAS,2.9
61-563-8259, Barris Girling,MATEMATICAS,1.0
34-085-6792, Remington Klimentyonok,LENGUAJE,3.3
31-492-1406, Wanda Olenikov,CIENCIAS,5.0
39-732-4800, Lanae D'Aulby,MATEMATICAS,6.9
96-620-6238, Avie Grunnell,CIENCIAS,1.7
83-279-0295, Ruben Blaxley,LENGUAJE,1.0
61-563-8259, Barris Girling,MATEMATICAS,5.4
34-085-6792, Remington Klimentyonok,LENGUAJE,6.5
31-492-1406, Wanda Olenikov,CIENCIAS,6.9
39-732-4800, Lanae D'Aulby,HISTORIA,2.3
96-620-6238, Avie Grunnell,CIENCIAS,6.2
83-279-0295, Ruben Blaxley,LENGUAJE,6.3
61-563-8259, Barris Girling,HISTORIA,3.0
34-085-6792, Remington Klimentyonok,CIENCIAS,4.6
31-492-1406, Wanda Olenikov,MATEMATICAS,6.6
39-732-4800, Lanae D'Aulby,MATEMATICAS,2.9
96-620-6238, Avie Grunnell,CIENCIAS,5.8
83-279-0295, Ruben Blaxley,CIENCIAS,4.2
61-563-8259, Barris Girling,CIENCIAS,1.4
34-085-6792, Remington Klimentyonok,MATEMATICAS,2.7
31-492-1406, Wanda Olenikov,CIENCIAS,4.6
39-732-4800, Lanae D'Aulby,LENGUAJE,6.6
96-620-6238, Avie Grunnell,HISTORIA,1.6
83-279-0295, Ruben Blaxley,MATEMATICAS,4.2
61-563-8259, Barris Girling,MATEMATICAS,3.4
34-085-6792, Remington Klimentyonok,CIENCIAS,6.9
31-492-1406, Wanda Olenikov,HISTORIA,2.7
39-732-4800, Lanae D'Aulby,LENGUAJE,6.3
96-620-6238, Avie Grunnell,HISTORIA,1.3
83-279-0295, Ruben Blaxley,HISTORIA,2.8
61-563-8259, Barris Girling,CIENCIAS,2.7
34-085-6792, Remington Klimentyonok,CIENCIAS,2.5
31-492-1406, Wanda Olenikov,HISTORIA,1.6
39-732-4800, Lanae D'Aulby,MATEMATICAS,4.3
96-620-6238, Avie Grunnell,HISTORIA,5.0
83-279-0295, Ruben Blaxley,HISTORIA,3.7
61-563-8259, Barris Girling,LENGUAJE,3.2
34-085-6792, Remington Klimentyonok,MATEMATICAS,5.7
31-492-1406, Wanda Olenikov,HISTORIA,1.4
39-732-4800, Lanae D'Aulby,LENGUAJE,1.3
96-620-6238, Avie Grunnell,HISTORIA,1.5
83-279-0295, Ruben Blaxley,HISTORIA,2.3
61-563-8259, Barris Girling,LENGUAJE,3.3
34-085-6792, Remington Klimentyonok,CIENCIAS,6.6
31-492-1406, Wanda Olenikov,LENGUAJE,2.8
39-732-4800, Lanae D'Aulby,MATEMATICAS,3.0
96-620-6238, Avie Grunnell,LENGUAJE,1.9
83-279-0295, Ruben Blaxley,LENGUAJE,2.5
61-563-8259, Barris Girling,LENGUAJE,5.1
34-085-6792, Remington Klimentyonok,MATEMATICAS,2.8
31-492-1406, Wanda Olenikov,MATEMATICAS,3.4
39-732-4800, Lanae D'Aulby,MATEMATICAS,2.1
96-620-6238, Avie Grunnell,LENGUAJE,5.0
83-279-0295, Ruben Blaxley,MATEMATICAS,5.7
61-563-8259, Barris Girling,CIENCIAS,6.9
34-085-6792, Remington Klimentyonok,LENGUAJE,3.2
31-492-1406, Wanda Olenikov,CIENCIAS,5.7
39-732-4800, Lanae D'Aulby,CIENCIAS,3.6
96-620-6238, Avie Grunnell,LENGUAJE,5.6
83-279-0295, Ruben Blaxley,LENGUAJE,4.8
61-563-8259, Barris Girling,MATEMATICAS,4.4
34-085-6792, Remington Klimentyonok,CIENCIAS,5.1
31-492-1406, Wanda Olenikov,LENGUAJE,4.1
39-732-4800, Lanae D'Aulby,CIENCIAS,3.5
96-620-6238, Avie Grunnell,HISTORIA,6.6
83-279-0295, Ruben Blaxley,CIENCIAS,4.6
61-563-8259, Barris Girling,CIENCIAS,6.3
34-085-6792, Remington Klimentyonok,MATEMATICAS,5.2
31-492-1406, Wanda Olenikov,LENGUAJE,2.6
39-732-4800, Lanae D'Aulby,HISTORIA,3.8
96-620-6238, Avie Grunnell,LENGUAJE,5.5
83-279-0295, Ruben Blaxley,CIENCIAS,5.3
61-563-8259, Barris Girling,CIENCIAS,6.4
34-085-6792, Remington Klimentyonok,HISTORIA,3.6
31-492-1406, Wanda Olenikov,LENGUAJE,3.1
39-732-4800, Lanae D'Aulby,LENGUAJE,2.8
96-620-6238, Avie Grunnell,LENGUAJE,2.0
83-279-0295, Ruben Blaxley,CIENCIAS,2.2
61-563-8259, Barris Girling,MATEMATICAS,3.7
34-085-6792, Remington Klimentyonok,CIENCIAS,3.2
31-492-1406, Wanda Olenikov,CIENCIAS,3.7
39-732-4800, Lanae D'Aulby,HISTORIA,6.2
96-620-6238, Avie Grunnell,HISTORIA,2.3
83-279-0295, Ruben Blaxley,HISTORIA,2.1
61-563-8259, Barris Girling,MATEMATICAS,6.6
34-085-6792, Remington Klimentyonok,HISTORIA,2.4
31-492-1406, Wanda Olenikov,LENGUAJE,4.7
39-732-4800, Lanae D'Aulby,CIENCIAS,1.5
96-620-6238, Avie Grunnell,MATEMATICAS,3.4
83-279-0295, Ruben Blaxley,LENGUAJE,3.9
61-563-8259, Barris Girling,LENGUAJE,3.7
34-085-6792, Remington Klimentyonok,HISTORIA,6.7
31-492-1406, Wanda Olenikov,MATEMATICAS,7.0
39-732-4800, Lanae D'Aulby,CIENCIAS,4.4
96-620-6238, Avie Grunnell,LENGUAJE,6.6
83-279-0295, Ruben Blaxley,LENGUAJE,2.0
61-563-8259, Barris Girling,CIENCIAS,2.5
34-085-6792, Remington Klimentyonok,CIENCIAS,5.0
31-492-1406, Wanda Olenikov,MATEMATICAS,5.1
39-732-4800, Lanae D'Aulby,CIENCIAS,3.1
96-620-6238, Avie Grunnell,CIENCIAS,5.9
83-279-0295, Ruben Blaxley,LENGUAJE,6.8
61-563-8259, Barris Girling,MATEMATICAS,5.1
34-085-6792, Remington Klimentyonok,CIENCIAS,1.9
31-492-1406, Wanda Olenikov,LENGUAJE,2.5
39-732-4800, Lanae D'Aulby,CIENCIAS,2.5
96-620-6238, Avie Grunnell,MATEMATICAS,4.8
83-279-0295, Ruben Blaxley,MATEMATICAS,3.2
61-563-8259, Barris Girling,HISTORIA,4.8
34-085-6792, Remington Klimentyonok,CIENCIAS,5.3
31-492-1406, Wanda Olenikov,MATEMATICAS,5.8
39-732-4800, Lanae D'Aulby,CIENCIAS,2.8
96-620-6238, Avie Grunnell,CIENCIAS,1.2
83-279-0295, Ruben Blaxley,LENGUAJE,2.5
61-563-8259, Barris Girling,HISTORIA,4.7
34-085-6792, Remington Klimentyonok,HISTORIA,1.3
31-492-1406, Wanda Olenikov,MATEMATICAS,6.0
39-732-4800, Lanae D'Aulby,CIENCIAS,4.2
96-620-6238, Avie Grunnell,CIENCIAS,6.3
83-279-0295, Ruben Blaxley,CIENCIAS,1.7
61-563-8259, Barris Girling,HISTORIA,4.4
34-085-6792, Remington Klimentyonok,CIENCIAS,3.4
31-492-1406, Wanda Olenikov,MATEMATICAS,4.6
39-732-4800, Lanae D'Aulby,HISTORIA,1.2
96-620-6238, Avie Grunnell,MATEMATICAS,3.0
83-279-0295, Ruben Blaxley,HISTORIA,2.4
61-563-8259, Barris Girling,LENGUAJE,5.6
34-085-6792, Remington Klimentyonok,HISTORIA,4.6
31-492-1406, Wanda Olenikov,LENGUAJE,5.6
39-732-4800, Lanae D'Aulby,MATEMATICAS,4.1
96-620-6238, Avie Grunnell,CIENCIAS,5.3
83-279-0295, Ruben Blaxley,MATEMATICAS,1.6
61-563-8259, Barris Girling,CIENCIAS,3.1
34-085-6792, Remington Klimentyonok,MATEMATICAS,5.8
31-492-1406, Wanda Olenikov,HISTORIA,5.2
39-732-4800, Lanae D'Aulby,LENGUAJE,3.7
96-620-6238, Avie Grunnell,MATEMATICAS,6.4
83-279-0295, Ruben Blaxley,HISTORIA,6.3
61-563-8259, Barris Girling,MATEMATICAS,3.2
34-085-6792, Remington Klimentyonok,LENGUAJE,3.8
31-492-1406, Wanda Olenikov,CIENCIAS,4.1
39-732-4800, Lanae D'Aulby,MATEMATICAS,1.4
96-620-6238, Avie Grunnell,MATEMATICAS,1.7
83-279-0295, Ruben Blaxley,LENGUAJE,1.2
61-563-8259, Barris Girling,CIENCIAS,5.9
34-085-6792, Remington Klimentyonok,MATEMATICAS,1.2
31-492-1406, Wanda Olenikov,LENGUAJE,2.8
39-732-4800, Lanae D'Aulby,MATEMATICAS,1.6
96-620-6238, Avie Grunnell,MATEMATICAS,5.4
83-279-0295, Ruben Blaxley,MATEMATICAS,4.9
61-563-8259, Barris Girling,CIENCIAS,3.7
34-085-6792, Remington Klimentyonok,CIENCIAS,3.0
31-492-1406, Wanda Olenikov,LENGUAJE,4.6
39-732-4800, Lanae D'Aulby,LENGUAJE,5.0
96-620-6238, Avie Grunnell,HISTORIA,4.9
83-279-0295, Ruben Blaxley,HISTORIA,6.9
